{
    "name": "Global Information",
    "numberOfRequests": {
        "total": 11878,
        "ok": 2728,
        "ko": 9150
    },
    "minResponseTime": {
        "total": 134,
        "ok": 282,
        "ko": 134
    },
    "maxResponseTime": {
        "total": 60016,
        "ok": 55234,
        "ko": 60016
    },
    "meanResponseTime": {
        "total": 10187,
        "ok": 7870,
        "ko": 10878
    },
    "standardDeviation": {
        "total": 7713,
        "ok": 6494,
        "ko": 7910
    },
    "percentiles1": {
        "total": 11018,
        "ok": 5406,
        "ko": 11241
    },
    "percentiles2": {
        "total": 14219,
        "ok": 11622,
        "ko": 15039
    },
    "percentiles3": {
        "total": 22050,
        "ok": 20383,
        "ko": 22153
    },
    "percentiles4": {
        "total": 28172,
        "ok": 24993,
        "ko": 28339
    },
    "group1": {
    "name": "t < 800 ms",
    "count": 301,
    "percentage": 3
},
    "group2": {
    "name": "800 ms < t < 1200 ms",
    "count": 16,
    "percentage": 0
},
    "group3": {
    "name": "t > 1200 ms",
    "count": 2411,
    "percentage": 20
},
    "group4": {
    "name": "failed",
    "count": 9150,
    "percentage": 77
},
    "meanNumberOfRequestsPerSecond": {
        "total": 91.36923076923077,
        "ok": 20.984615384615385,
        "ko": 70.38461538461539
    }
}